Suburb,Buy_Rent_Likelihood,Property_Condition,Inspection_Satisfaction,SPI
Bondi,3.0,3.107142857142857,,
Chatswood,2.7941176470588234,2.588235294117647,,
Cronulla,2.8846153846153846,2.769230769230769,,
Liverpool,3.2,3.08,,
Manly,2.896551724137931,2.896551724137931,,
Mosman,2.857142857142857,3.1785714285714284,,
Newtown,3.0,2.870967741935484,,
Parramatta,2.7142857142857144,3.107142857142857,,
Penrith,2.65,2.625,,
Surry Hills,3.032258064516129,2.870967741935484,,
